PassengerId,Survived,CabinWasMissing,LogFare,FarePerPerson,Pclass,PclassFareInteraction,IsAlone,LogAge,Parch,FamilySize,AgeWasMissing,EmbarkedWasMissing,FareWasMissing
1,0,1,2.110213,3.625,3,21.75,0,3.135494,0,2,0,0,0
2,1,0,4.199221,32.8172,1,65.6344,0,3.663562,0,2,0,0,0
3,1,1,2.188856,7.925,3,23.775,1,3.295837,0,1,0,0,0
4,1,0,3.990834,26.55,1,53.1,0,3.583519,0,2,0,0,0
5,0,1,2.202765,8.05,3,24.15,1,3.583519,0,1,0,0,0
6,0,1,2.246893,8.4583,3,25.3749,1,3.295837,0,1,1,0,0
7,0,0,3.967694,51.8625,1,51.8625,1,4.007333,0,1,0,0,0
8,0,1,3.094446,4.215,3,63.225,0,1.098612,1,5,0,0,0
9,1,1,2.495954,3.7111,3,33.3999,0,3.332205,2,3,0,0,0
10,1,1,3.436268,15.0354,2,60.1416,0,2.70805,0,2,0,0,0
11,1,0,2.873565,5.566667,3,50.1,0,1.609438,1,3,0,0,0
12,1,0,3.316003,26.55,1,26.55,1,4.077537,0,1,0,0,0
13,0,1,2.202765,8.05,3,24.15,1,3.044522,0,1,0,0,0
14,0,1,3.474293,4.467857,3,93.825,0,3.688879,5,7,0,0,0
15,0,1,2.180892,7.8542,3,23.5626,1,2.70805,0,1,0,0,0
16,1,1,2.833213,16,2,32,1,4.025352,0,1,0,0,0
17,0,1,3.405355,4.854167,3,87.375,0,1.098612,1,6,0,0,0
18,1,1,2.639057,13,2,26,1,3.465736,0,1,1,0,0
19,0,1,2.944439,9,3,54,0,3.465736,0,2,0,0,0
20,1,1,2.107178,7.225,3,21.675,1,3.465736,0,1,1,0,0
21,0,1,3.295837,26,2,52,1,3.583519,0,1,0,0,0
22,1,0,2.639057,13,2,26,1,3.555348,0,1,0,0,0
23,1,1,2.200464,8.0292,3,24.0876,1,2.772589,0,1,0,0,0
24,1,0,3.597312,35.5,1,35.5,1,3.367296,0,1,0,0,0
25,0,1,3.094446,4.215,3,63.225,0,2.197225,1,5,0,0,0
26,1,1,3.477773,4.483929,3,94.1625,0,3.663562,5,7,0,0,0
27,0,1,2.107178,7.225,3,21.675,1,3.295837,0,1,1,0,0
28,0,0,4.199221,10.939067,1,65.6344,0,2.995732,2,6,0,0,0
29,1,1,2.183711,7.8792,3,23.6376,1,2.944439,0,1,1,0,0
30,0,1,2.185579,7.8958,3,23.6874,1,3.295837,0,1,1,0,0
31,0,1,3.357622,27.7208,1,27.7208,1,3.713572,0,1,0,0,0
32,1,0,4.199221,32.8172,1,65.6344,0,3.713572,0,2,1,0,0
33,1,1,2.169054,7.75,3,23.25,1,2.944439,0,1,1,0,0
34,0,1,2.442347,10.5,2,21,1,4.117003,0,1,0,0,0
35,0,1,4.199221,32.8172,1,65.6344,0,3.367296,0,2,0,0,0
36,0,1,3.970292,26,1,52,0,3.7612,0,2,0,0,0
37,1,1,2.107689,7.2292,3,21.6876,1,3.295837,0,1,1,0,0
38,0,1,2.202765,8.05,3,24.15,1,3.091042,0,1,0,0,0
39,0,1,2.944439,6,3,54,0,2.944439,0,3,0,0,0
40,1,1,2.504848,5.62085,3,33.7251,0,2.70805,0,2,0,0,0
41,0,1,2.348991,4.7375,3,28.425,0,3.713572,0,2,0,0,0
42,0,1,3.091042,10.5,2,42,0,3.332205,0,2,0,0,0
43,0,1,2.185579,7.8958,3,23.6874,1,3.295837,0,1,1,0,0
44,1,1,3.751366,10.3948,2,83.1584,0,1.386294,2,4,0,0,0
45,1,1,2.183711,7.8792,3,23.6376,1,2.995732,0,1,0,0,0
46,0,1,2.202765,8.05,3,24.15,1,3.295837,0,1,1,0,0
47,0,1,2.80336,7.75,3,46.5,0,3.295837,0,2,1,0,0
48,1,1,2.169054,7.75,3,23.25,1,2.944439,0,1,1,0,0
49,0,1,3.121448,7.2264,3,65.0376,0,3.295837,0,3,1,0,0
50,0,1,2.933857,8.9,3,53.4,0,2.944439,0,2,0,0,0
51,0,1,3.705921,6.614583,3,119.0625,0,2.079442,1,6,0,0,0
52,0,1,2.174752,7.8,3,23.4,1,3.091042,0,1,0,0,0
53,1,0,4.199221,32.8172,1,65.6344,0,3.912023,0,2,0,0,0
54,1,1,3.295837,13,2,52,0,3.401197,0,2,0,0,0
55,0,0,4.142805,30.9896,1,61.9792,0,4.117003,1,2,0,0,0
56,1,0,3.597312,35.5,1,35.5,1,3.713572,0,1,1,0,0
57,1,1,2.442347,10.5,2,21,1,3.091042,0,1,0,0,0
58,0,1,2.107689,7.2292,3,21.6876,1,3.38439,0,1,0,0,0
59,1,1,3.358638,6.9375,2,55.5,0,1.791759,2,4,0,0,0
60,0,1,3.869116,5.8625,3,140.7,0,2.484907,2,8,0,0,0
61,0,1,2.107689,7.2292,3,21.6876,1,3.135494,0,1,0,0,0
62,1,0,4.199221,65.6344,1,65.6344,1,3.663562,0,1,0,1,0
63,0,0,4.199221,32.8172,1,65.6344,0,3.828641,0,2,0,0,0
64,0,1,3.363842,4.65,3,83.7,0,1.609438,2,6,0,0,0
65,0,1,3.357622,27.7208,1,27.7208,1,3.713572,0,1,1,0,0
66,1,1,2.787834,5.081933,3,45.7374,0,1.609438,1,3,1,0,0
67,1,0,2.442347,10.5,2,21,1,3.401197,0,1,0,0,0
68,0,1,2.214661,8.1583,3,24.4749,1,2.995732,0,1,0,0,0
69,1,1,2.188856,1.132143,3,23.775,0,2.890372,2,7,0,0,0
70,0,1,2.268252,2.8875,3,25.9875,0,3.295837,0,3,0,0,0
71,0,1,2.442347,10.5,2,21,1,3.496508,0,1,0,0,0
72,0,1,3.869116,5.8625,3,140.7,0,2.833213,2,8,0,0,0
73,0,1,4.199221,65.6344,2,131.2688,1,3.091042,0,1,0,0,0
74,0,1,2.737881,7.2271,3,43.3626,0,3.295837,0,2,0,0,0
75,1,1,4.051712,56.4958,3,169.4874,1,3.496508,0,1,0,0,0
76,0,0,2.157559,7.65,3,22.95,1,3.258097,0,1,0,0,0
77,0,1,2.185579,7.8958,3,23.6874,1,3.295837,0,1,1,0,0
78,0,1,2.202765,8.05,3,24.15,1,3.295837,0,1,1,0,0
79,1,1,3.401197,9.666667,2,58,0,0.604316,2,3,0,0,0
80,1,1,2.600836,12.475,3,37.425,1,3.433987,0,1,0,0,0
81,0,1,2.302585,9,3,27,1,3.135494,0,1,0,0,0
82,1,1,2.351375,9.5,3,28.5,1,3.401197,0,1,0,0,0
83,1,1,2.17333,7.7875,3,23.3625,1,2.944439,0,1,1,0,0
84,0,1,3.873282,47.1,1,47.1,1,3.367296,0,1,0,0,0
85,1,1,2.442347,10.5,2,21,1,2.890372,0,1,0,0,0
86,1,1,2.824351,3.9625,3,47.55,0,3.526361,0,4,0,0,0
87,0,1,3.566005,6.875,3,103.125,0,2.833213,3,5,0,0,0
88,0,1,2.202765,8.05,3,24.15,1,3.295837,0,1,1,0,0
89,1,0,4.199221,10.939067,1,65.6344,0,3.178054,2,6,0,0,0
90,0,1,2.202765,8.05,3,24.15,1,3.218876,0,1,0,0,0
91,0,1,2.202765,8.05,3,24.15,1,3.401197,0,1,0,0,0
92,0,1,2.180892,7.8542,3,23.5626,1,3.044522,0,1,0,0,0
93,0,0,4.129953,30.5875,1,61.175,0,3.850148,0,2,0,0,0
94,0,1,3.071535,5.14375,3,61.725,0,3.295837,2,4,0,0,0
95,0,1,2.110213,7.25,3,21.75,1,4.094345,0,1,0,0,0
96,0,1,2.202765,8.05,3,24.15,1,3.295837,0,1,1,0,0
97,0,0,3.573867,34.6542,1,34.6542,1,4.117003,0,1,0,0,0
98,1,0,4.164466,31.67915,1,63.3583,0,3.178054,1,2,0,0,0
99,1,1,3.178054,11.5,2,46,0,3.555348,1,2,0,0,0
100,0,1,3.295837,13,2,52,0,3.555348,0,2,0,0,0
101,0,1,2.185579,7.8958,3,23.6874,1,3.367296,0,1,0,0,0
102,0,1,2.185579,7.8958,3,23.6874,1,3.295837,0,1,1,0,0
103,0,0,4.199221,32.8172,1,65.6344,0,3.091042,1,2,0,0,0
104,0,1,2.267393,8.6542,3,25.9626,1,3.526361,0,1,0,0,0
105,0,1,2.188856,2.641667,3,23.775,0,3.637586,0,3,0,0,0
106,0,1,2.185579,7.8958,3,23.6874,1,3.367296,0,1,0,0,0
107,1,1,2.157559,7.65,3,22.95,1,3.091042,0,1,0,0,0
108,1,1,2.171907,7.775,3,23.325,1,3.295837,0,1,1,0,0
109,0,1,2.185579,7.8958,3,23.6874,1,3.663562,0,1,0,0,0
110,1,1,3.224858,12.075,3,72.45,0,2.944439,0,2,1,0,0
111,0,0,3.970292,52,1,52,1,3.871201,0,1,0,0,0
112,0,1,2.737881,7.2271,3,43.3626,0,2.74084,0,2,0,0,0
113,0,1,2.202765,8.05,3,24.15,1,3.135494,0,1,0,0,0
114,0,1,2.381858,4.9125,3,29.475,0,3.044522,0,2,0,0,0
115,0,1,2.738146,14.4583,3,43.3749,1,2.890372,0,1,0,0,0
116,0,1,2.188856,7.925,3,23.775,1,3.091042,0,1,0,0,0
117,0,1,2.169054,7.75,3,23.25,1,4.117003,0,1,0,0,0
118,0,1,3.091042,10.5,2,42,0,3.401197,0,2,0,0,0
119,0,0,4.199221,32.8172,1,65.6344,0,3.218876,1,2,0,0,0
120,0,1,3.474293,4.467857,3,93.825,0,1.098612,2,7,0,0,0
121,0,1,4.199221,21.878133,2,131.2688,0,3.091042,0,3,0,0,0
122,0,1,2.202765,8.05,3,24.15,1,3.295837,0,1,1,0,0
123,0,1,3.436268,15.0354,2,60.1416,0,3.511545,0,2,0,0,0
124,1,0,2.639057,13,2,26,1,3.511545,0,1,0,0,0
125,0,0,4.199221,32.8172,1,65.6344,0,4.007333,1,2,0,0,0
126,1,1,2.504848,5.62085,3,33.7251,0,2.564949,0,2,0,0,0
127,0,1,2.169054,7.75,3,23.25,1,3.295837,0,1,1,0,0
128,1,1,2.096999,7.1417,3,21.4251,1,3.218876,0,1,0,0,0
129,1,0,3.150952,7.452767,3,67.0749,0,2.944439,1,3,1,0,0
130,0,1,2.076312,6.975,3,20.925,1,3.828641,0,1,0,0,0
131,0,1,2.185579,7.8958,3,23.6874,1,3.526361,0,1,0,0,0
132,0,1,2.085672,7.05,3,21.15,1,3.044522,0,1,0,0,0
133,0,1,2.74084,7.25,3,43.5,0,3.871201,0,2,0,0,0
134,1,1,3.295837,13,2,52,0,3.401197,0,2,0,0,0
135,0,1,2.639057,13,2,26,1,3.258097,0,1,0,0,0
136,0,1,2.775447,15.0458,2,30.0916,1,3.178054,0,1,0,0,0
137,1,0,3.306275,8.7611,1,26.2833,0,2.995732,2,3,0,0,0
138,0,0,3.990834,26.55,1,53.1,0,3.637586,0,2,0,0,0
139,0,1,2.324024,9.2167,3,27.6501,1,2.833213,0,1,0,0,0
140,0,0,4.199221,65.6344,1,65.6344,1,3.218876,0,1,0,0,0
141,0,1,2.787834,5.081933,3,45.7374,0,3.465736,2,3,1,0,0
142,1,1,2.169054,7.75,3,23.25,1,3.135494,0,1,0,0,0
143,1,1,2.824351,7.925,3,47.55,0,3.218876,0,2,0,0,0
144,0,1,2.047693,6.75,3,20.25,1,2.995732,0,1,0,0,0
145,0,1,2.525729,11.5,2,23,1,2.944439,0,1,0,0,0
146,0,1,3.630985,12.25,2,73.5,0,2.995732,1,3,0,0,0
147,1,1,2.174274,7.7958,3,23.3874,1,3.332205,0,1,0,0,0
148,0,1,3.566005,6.875,3,103.125,0,2.302585,2,5,0,0,0
149,0,0,3.295837,8.666667,2,52,0,3.624341,2,3,0,0,0
150,0,1,2.639057,13,2,26,1,3.7612,0,1,0,0,0
151,0,1,2.60454,12.525,2,25.05,1,3.951244,0,1,0,0,0
152,1,0,4.199221,32.8172,1,65.6344,0,3.135494,0,2,0,0,0
153,0,1,2.202765,8.05,3,24.15,1,4.034241,0,1,0,0,0
154,0,1,2.74084,4.833333,3,43.5,0,3.725693,2,3,0,0,0
155,0,1,2.11776,7.3125,3,21.9375,1,3.295837,0,1,1,0,0
156,0,1,4.133232,30.6896,1,61.3792,0,3.951244,1,2,0,0,0
157,1,1,2.167143,7.7333,3,23.1999,1,2.833213,0,1,0,0,0
158,0,1,2.202765,8.05,3,24.15,1,3.433987,0,1,0,0,0
159,0,1,2.268252,8.6625,3,25.9875,1,3.295837,0,1,1,0,0
160,0,1,4.199221,5.966764,3,196.9032,0,1.609438,2,11,1,0,0
161,0,1,2.839078,8.05,3,48.3,0,3.806662,1,2,0,0,0
162,1,1,2.818398,15.75,2,31.5,1,3.713572,0,1,0,0,0
163,0,1,2.171907,7.775,3,23.325,1,3.295837,0,1,0,0,0
164,0,1,2.268252,8.6625,3,25.9875,1,2.890372,0,1,0,0,0
165,0,1,3.705921,6.614583,3,119.0625,0,0.693147,1,6,0,0,0
166,1,1,3.069215,6.841667,3,61.575,0,2.302585,2,3,0,0,0
167,1,0,4.025352,27.5,1,55,0,3.713572,1,2,1,0,0
168,0,1,3.363842,4.65,3,83.7,0,3.828641,4,6,0,0,0
169,0,1,3.293055,25.925,1,25.925,1,3.713572,0,1,1,0,0
170,0,1,4.051712,56.4958,3,169.4874,1,3.367296,0,1,0,0,0
171,0,0,3.540959,33.5,1,33.5,1,4.117003,0,1,0,0,0
172,0,1,3.405355,4.854167,3,87.375,0,1.609438,1,6,0,0,0
173,1,1,2.495954,3.7111,3,33.3999,0,0.693147,1,3,0,0,0
174,0,1,2.188856,7.925,3,23.775,1,3.091042,0,1,0,0,0
175,0,0,3.456184,30.6958,1,30.6958,1,4.043051,0,1,0,0,0
176,0,1,2.180892,2.618067,3,23.5626,0,2.944439,1,3,0,0,0
177,0,1,3.275887,5.09334,3,76.4001,0,1.609438,1,5,1,0,0
178,0,0,3.391568,28.7125,1,28.7125,1,3.931826,0,1,0,0,0
179,0,1,2.639057,13,2,26,1,3.433987,0,1,0,0,0
180,0,1,0,0,3,0,1,3.610918,0,1,0,0,0
181,0,1,4.199221,5.966764,3,196.9032,0,2.944439,2,11,1,0,0
182,0,1,2.775709,15.05,2,30.1,1,3.465736,0,1,1,0,0
183,0,1,3.477773,4.483929,3,94.1625,0,2.302585,2,7,0,0,0
184,1,0,3.688879,9.75,2,78,0,0.693147,1,4,0,0,0
185,1,1,3.136581,7.341667,3,66.075,0,1.609438,2,3,0,0,0
186,0,0,3.931826,50,1,50,1,3.713572,0,1,1,0,0
187,1,1,2.80336,7.75,3,46.5,0,3.465736,0,2,1,0,0
188,1,1,3.316003,26.55,1,26.55,1,3.828641,0,1,0,0,0
189,0,1,2.80336,5.166667,3,46.5,0,3.713572,1,3,0,0,0
190,0,1,2.185579,7.8958,3,23.6874,1,3.610918,0,1,0,0,0
191,1,1,2.639057,13,2,26,1,3.496508,0,1,0,0,0
192,0,1,2.639057,13,2,26,1,2.995732,0,1,0,0,0
193,1,1,2.180892,3.9271,3,23.5626,0,2.995732,0,2,0,0,0
194,1,0,3.295837,8.666667,2,52,0,1.386294,1,3,0,0,0
195,1,0,3.357622,27.7208,1,27.7208,1,3.806662,0,1,0,0,0
196,1,0,4.199221,65.6344,1,65.6344,1,4.077537,0,1,0,0,0
197,0,1,2.169054,7.75,3,23.25,1,3.295837,0,1,1,0,0
198,0,1,2.241156,4.2021,3,25.2126,0,3.7612,1,2,0,0,0
199,1,1,2.169054,7.75,3,23.25,1,2.944439,0,1,1,0,0
200,0,1,2.639057,13,2,26,1,3.218876,0,1,0,0,0
201,0,1,2.351375,9.5,3,28.5,1,3.367296,0,1,0,0,0
202,0,1,4.199221,5.966764,3,196.9032,0,3.295837,2,11,1,0,0
203,0,1,2.014343,6.4958,3,19.4874,1,3.555348,0,1,0,0,0
204,0,1,2.107178,7.225,3,21.675,1,3.839452,0,1,0,0,0
205,1,1,2.202765,8.05,3,24.15,1,2.944439,0,1,0,0,0
206,0,0,2.439081,5.23125,3,31.3875,0,1.098612,1,2,0,0,0
207,0,1,2.824351,7.925,3,47.55,0,3.496508,0,2,0,0,0
208,1,1,2.98505,18.7875,3,56.3625,1,3.295837,0,1,0,0,0
209,1,1,2.169054,7.75,3,23.25,1,2.833213,0,1,0,0,0
210,1,0,3.465736,31,1,31,1,3.713572,0,1,0,0,0
211,0,1,2.085672,7.05,3,21.15,1,3.218876,0,1,0,0,0
212,1,1,3.091042,21,2,42,1,3.583519,0,1,0,0,0
213,0,1,2.110213,7.25,3,21.75,1,3.135494,0,1,0,0,0
214,0,1,2.639057,13,2,26,1,3.433987,0,1,0,0,0
215,0,1,2.169054,3.875,3,23.25,0,3.295837,0,2,1,0,0
216,1,0,4.199221,32.8172,1,65.6344,0,3.465736,0,2,0,0,0
217,1,1,2.188856,7.925,3,23.775,1,3.332205,0,1,0,0,0
218,0,1,3.332205,13.5,2,54,0,3.7612,0,2,0,0,0
219,1,0,4.199221,65.6344,1,65.6344,1,3.496508,0,1,0,0,0
220,0,1,2.442347,10.5,2,21,1,3.433987,0,1,0,0,0
221,1,1,2.202765,8.05,3,24.15,1,2.833213,0,1,0,0,0
222,0,1,2.639057,13,2,26,1,3.332205,0,1,0,0,0
223,0,1,2.202765,8.05,3,24.15,1,3.951244,0,1,0,0,0
224,0,1,2.185579,7.8958,3,23.6874,1,3.295837,0,1,1,0,0
225,1,0,4.199221,32.8172,1,65.6344,0,3.663562,0,2,0,0,0
226,0,1,2.336987,9.35,3,28.05,1,3.135494,0,1,0,0,0
227,1,1,2.442347,10.5,2,21,1,2.995732,0,1,0,0,0
228,0,1,2.110213,7.25,3,21.75,1,3.068053,0,1,0,0,0
229,0,1,2.639057,13,2,26,1,2.944439,0,1,0,0,0
230,0,1,3.275887,5.09334,3,76.4001,0,2.944439,1,5,1,0,0
231,1,0,4.199221,32.8172,1,65.6344,0,3.583519,0,2,0,0,0
232,0,1,2.171907,7.775,3,23.325,1,3.401197,0,1,0,0,0
233,0,1,2.674149,13.5,2,27,1,4.094345,0,1,0,0,0
234,1,1,3.477773,4.483929,3,94.1625,0,1.791759,2,7,0,0,0
235,0,1,2.442347,10.5,2,21,1,3.218876,0,1,0,0,0
236,0,1,2.145931,7.55,3,22.65,1,2.944439,0,1,1,0,0
237,0,1,3.295837,13,2,52,0,3.806662,0,2,0,0,0
238,1,1,3.305054,8.75,2,52.5,0,2.197225,2,3,0,0,0
239,0,1,2.442347,10.5,2,21,1,2.995732,0,1,0,0,0
240,0,1,2.585883,12.275,2,24.55,1,3.526361,0,1,0,0,0
241,0,1,2.737881,7.2271,3,43.3626,0,2.944439,0,2,1,0,0
242,1,1,2.80336,7.75,3,46.5,0,2.944439,0,2,1,0,0
243,0,1,2.442347,10.5,2,21,1,3.401197,0,1,0,0,0
244,0,1,2.094946,7.125,3,21.375,1,3.135494,0,1,0,0,0
245,0,1,2.107178,7.225,3,21.675,1,3.433987,0,1,0,0,0
246,0,0,4.199221,21.878133,1,65.6344,0,3.806662,0,3,0,0,0
247,0,1,2.171907,7.775,3,23.325,1,3.258097,0,1,0,0,0
248,1,1,2.74084,4.833333,2,29,0,3.218876,2,3,0,0,0
249,1,0,3.980694,17.518067,1,52.5542,0,3.637586,1,3,0,0,0
250,0,1,3.295837,13,2,52,0,4.007333,0,2,0,0,0
251,0,1,2.110213,7.25,3,21.75,1,3.295837,0,1,1,0,0
252,0,0,2.439081,3.4875,3,31.3875,0,3.401197,1,3,0,0,0
253,0,0,3.316003,26.55,1,26.55,1,4.117003,0,1,0,0,0
254,0,1,2.839078,8.05,3,48.3,0,3.433987,0,2,0,0,0
255,0,1,3.054591,6.7375,3,60.6375,0,3.73767,2,3,0,0,0
256,1,1,2.787834,5.081933,3,45.7374,0,3.401197,2,3,0,0,0
257,1,1,4.199221,65.6344,1,65.6344,1,3.713572,0,1,1,0,0
258,1,0,4.199221,65.6344,1,65.6344,1,3.433987,0,1,0,0,0
259,1,1,4.199221,65.6344,1,65.6344,1,3.583519,0,1,0,0,0
260,1,1,3.295837,13,2,52,0,3.931826,1,2,0,0,0
261,0,1,2.169054,7.75,3,23.25,1,3.295837,0,1,1,0,0
262,1,1,3.477773,4.483929,3,94.1625,0,1.386294,2,7,0,0,0
263,0,0,4.199221,21.878133,1,65.6344,0,3.970292,1,3,0,0,0
264,0,0,0,0,1,0,1,3.713572,0,1,0,0,0
265,0,1,2.169054,7.75,3,23.25,1,2.944439,0,1,1,0,0
266,0,1,2.442347,10.5,2,21,1,3.610918,0,1,0,0,0
267,0,1,3.705921,6.614583,3,119.0625,0,2.833213,1,6,0,0,0
268,1,1,2.171907,3.8875,3,23.325,0,3.258097,0,2,0,0,0
269,1,0,4.199221,32.8172,1,65.6344,0,4.077537,1,2,0,0,0
270,1,0,4.199221,65.6344,1,65.6344,1,3.583519,0,1,0,0,0
271,0,1,3.465736,31,1,31,1,3.713572,0,1,1,0,0
272,1,1,0,0,3,0,1,3.258097,0,1,0,0,0
273,1,1,3.020425,9.75,2,39,0,3.73767,1,2,0,0,0
274,0,0,3.424263,14.85,1,29.7,0,3.637586,1,2,0,0,0
275,1,1,2.169054,7.75,3,23.25,1,2.944439,0,1,1,0,0
276,1,0,4.199221,32.8172,1,65.6344,0,4.117003,0,2,0,0,0
277,0,1,2.169054,7.75,3,23.25,1,3.828641,0,1,0,0,0
278,0,1,0,0,2,0,1,3.465736,0,1,1,0,0
279,0,1,3.405355,4.854167,3,87.375,0,2.079442,1,6,0,0,0
280,1,1,3.056357,6.75,3,60.75,0,3.583519,1,3,0,0,0
281,0,1,2.169054,7.75,3,23.25,1,4.117003,0,1,0,0,0
282,0,1,2.180892,7.8542,3,23.5626,1,3.367296,0,1,0,0,0
283,0,1,2.351375,9.5,3,28.5,1,2.833213,0,1,0,0,0
284,1,1,2.202765,8.05,3,24.15,1,2.995732,0,1,0,0,0
285,0,0,3.295837,26,1,26,1,3.713572,0,1,1,0,0
286,0,1,2.268252,8.6625,3,25.9875,1,3.526361,0,1,0,0,0
287,1,1,2.351375,9.5,3,28.5,1,3.433987,0,1,0,0,0
288,0,1,2.185579,7.8958,3,23.6874,1,3.135494,0,1,0,0,0
289,1,1,2.639057,13,2,26,1,3.7612,0,1,0,0,0
290,1,1,2.169054,7.75,3,23.25,1,3.135494,0,1,0,0,0
291,1,1,4.199221,65.6344,1,65.6344,1,3.295837,0,1,0,0,0
292,1,0,4.199221,32.8172,1,65.6344,0,2.995732,0,2,0,0,0
293,0,0,2.630089,12.875,2,25.75,1,3.610918,0,1,0,0,0
294,0,1,2.287471,8.85,3,26.55,1,3.218876,0,1,0,0,0
295,0,1,2.185579,7.8958,3,23.6874,1,3.218876,0,1,0,0,0
296,0,1,3.357622,27.7208,1,27.7208,1,3.713572,0,1,1,0,0
297,0,1,2.107689,7.2292,3,21.6876,1,3.198673,0,1,0,0,0
298,0,0,4.199221,16.4086,1,65.6344,0,1.098612,2,4,0,0,0
299,1,0,3.449988,30.5,1,30.5,1,3.713572,0,1,1,0,0
300,1,0,4.199221,32.8172,1,65.6344,0,3.931826,1,2,0,0,0
301,1,1,2.169054,7.75,3,23.25,1,2.944439,0,1,1,0,0
302,1,1,3.188417,7.75,3,69.75,0,3.295837,0,3,1,0,0
303,0,1,0,0,3,0,1,2.995732,0,1,0,0,0
304,1,0,2.591516,12.35,2,24.7,1,3.218876,0,1,1,0,0
305,0,1,2.202765,8.05,3,24.15,1,3.295837,0,1,1,0,0
306,1,0,4.199221,16.4086,1,65.6344,0,0.652325,2,4,0,0,0
307,1,1,4.199221,65.6344,1,65.6344,1,3.433987,0,1,1,0,0
308,1,0,4.199221,32.8172,1,65.6344,0,2.890372,0,2,0,0,0
309,0,1,3.218876,12,2,48,0,3.433987,0,2,0,0,0
310,1,0,4.059222,56.9292,1,56.9292,1,3.433987,0,1,0,0,0
311,1,0,4.199221,65.6344,1,65.6344,1,3.218876,0,1,0,0,0
312,1,0,4.199221,13.12688,1,65.6344,0,2.944439,2,5,0,0,0
313,0,1,3.295837,8.666667,2,52,0,3.295837,1,3,0,0,0
314,0,1,2.185579,7.8958,3,23.6874,1,3.367296,0,1,0,0,0
315,0,1,3.305054,8.75,2,52.5,0,3.78419,1,3,0,0,0
316,1,1,2.180892,7.8542,3,23.5626,1,3.295837,0,1,0,0,0
317,1,1,3.295837,13,2,52,0,3.218876,0,2,0,0,0
318,0,1,2.70805,14,2,28,1,4.007333,0,1,0,0,0
319,1,0,4.199221,21.878133,1,65.6344,0,3.465736,2,3,0,0,0
320,1,0,4.199221,21.878133,1,65.6344,0,3.713572,1,3,0,0,0
321,0,1,2.110213,7.25,3,21.75,1,3.135494,0,1,0,0,0
322,0,1,2.185579,7.8958,3,23.6874,1,3.332205,0,1,0,0,0
323,1,1,2.591516,12.35,2,24.7,1,3.433987,0,1,0,0,0
324,1,1,3.401197,9.666667,2,58,0,3.135494,1,3,0,0,0
325,0,1,4.199221,5.966764,3,196.9032,0,3.295837,2,11,1,0,0
326,1,0,4.199221,65.6344,1,65.6344,1,3.610918,0,1,0,0,0
327,0,1,1.979276,6.2375,3,18.7125,1,4.117003,0,1,0,0,0
328,1,0,2.639057,13,2,26,1,3.610918,0,1,0,0,0
329,1,1,3.069215,6.841667,3,61.575,0,3.465736,1,3,0,0,0
330,1,0,4.077185,28.9896,1,57.9792,0,2.833213,1,2,0,0,0
331,1,1,3.188417,7.75,3,69.75,0,2.944439,0,3,1,0,0
332,0,0,3.38439,28.5,1,28.5,1,3.839452,0,1,0,0,0
333,0,0,4.199221,32.8172,1,65.6344,0,3.663562,1,2,0,0,0
334,0,1,2.944439,6,3,54,0,2.833213,0,3,0,0,0
335,1,1,4.199221,32.8172,1,65.6344,0,3.713572,0,2,1,0,0
336,0,1,2.185579,7.8958,3,23.6874,1,3.295837,0,1,1,0,0
337,0,0,4.199221,32.8172,1,65.6344,0,3.401197,0,2,0,0,0
338,1,0,4.199221,65.6344,1,65.6344,1,3.73767,0,1,0,0,0
339,1,1,2.202765,8.05,3,24.15,1,3.828641,0,1,0,0,0
340,0,0,3.597312,35.5,1,35.5,1,3.828641,0,1,0,0,0
341,1,0,3.295837,8.666667,2,52,0,1.098612,1,3,0,0,0
342,1,0,4.199221,10.939067,1,65.6344,0,3.218876,2,6,0,0,0
343,0,1,2.639057,13,2,26,1,3.367296,0,1,0,0,0
344,0,1,2.639057,13,2,26,1,3.258097,0,1,0,0,0
345,0,1,2.639057,13,2,26,1,3.610918,0,1,0,0,0
346,1,0,2.639057,13,2,26,1,3.218876,0,1,0,0,0
347,1,1,2.639057,13,2,26,1,3.713572,0,1,0,0,0
348,1,1,2.839078,8.05,3,48.3,0,3.465736,0,2,1,0,0
349,1,1,2.827314,5.3,3,47.7,0,1.386294,1,3,0,0,0
350,0,1,2.268252,8.6625,3,25.9875,1,3.7612,0,1,0,0,0
351,0,1,2.324836,9.225,3,27.675,1,3.178054,0,1,0,0,0
352,0,0,3.583519,35,1,35,1,3.713572,0,1,1,0,0
353,0,1,2.107689,2.409733,3,21.6876,0,2.772589,1,3,0,0,0
354,0,1,2.933857,8.9,3,53.4,0,3.258097,0,2,0,0,0
355,0,1,2.107178,7.225,3,21.675,1,3.295837,0,1,1,0,0
356,0,1,2.351375,9.5,3,28.5,1,3.367296,0,1,0,0,0
357,1,0,4.025352,27.5,1,55,0,3.135494,1,2,0,0,0
358,0,1,2.639057,13,2,26,1,3.663562,0,1,0,0,0
359,1,1,2.183711,7.8792,3,23.6376,1,2.944439,0,1,1,0,0
360,1,1,2.183711,7.8792,3,23.6376,1,2.944439,0,1,1,0,0
361,0,1,3.363842,4.65,3,83.7,0,3.713572,4,6,0,0,0
362,0,1,3.357622,13.8604,2,55.4416,0,3.401197,0,2,0,0,0
363,0,1,2.737881,7.2271,3,43.3626,0,3.828641,1,2,0,0,0
364,0,1,2.085672,7.05,3,21.15,1,3.583519,0,1,0,0,0
365,0,1,2.80336,7.75,3,46.5,0,3.295837,0,2,1,0,0
366,0,1,2.110213,7.25,3,21.75,1,3.433987,0,1,0,0,0
367,1,0,4.199221,32.8172,1,65.6344,0,4.110874,0,2,0,0,0
368,1,1,2.107689,7.2292,3,21.6876,1,3.465736,0,1,1,0,0
369,1,1,2.169054,7.75,3,23.25,1,2.944439,0,1,1,0,0
370,1,0,4.199221,65.6344,1,65.6344,1,3.218876,0,1,0,0,0
371,1,0,4.033208,27.72085,1,55.4417,0,3.258097,0,2,0,0,0
372,0,1,2.014343,3.2479,3,19.4874,0,2.944439,0,2,0,0,0
373,0,1,2.202765,8.05,3,24.15,1,2.995732,0,1,0,0,0
374,0,1,4.199221,65.6344,1,65.6344,1,3.135494,0,1,0,0,0
375,0,1,3.094446,4.215,3,63.225,0,1.386294,1,5,0,0,0
376,1,1,4.199221,32.8172,1,65.6344,0,3.713572,0,2,1,0,0
377,1,1,2.110213,7.25,3,21.75,1,3.135494,0,1,0,0,0
378,0,0,4.199221,21.878133,1,65.6344,0,3.332205,2,3,0,0,0
379,0,1,1.611935,4.0125,3,12.0375,1,3.044522,0,1,0,0,0
380,0,1,2.171907,7.775,3,23.325,1,2.995732,0,1,0,0,0
381,1,1,4.199221,65.6344,1,65.6344,1,3.7612,0,1,0,0,0
382,1,1,2.817903,5.247233,3,47.2251,0,0.693147,2,3,0,0,0
383,0,1,2.188856,7.925,3,23.775,1,3.496508,0,1,0,0,0
384,1,1,3.970292,26,1,52,0,3.583519,0,2,0,0,0
385,0,1,2.185579,7.8958,3,23.6874,1,3.295837,0,1,1,0,0
386,0,1,4.199221,65.6344,2,131.2688,1,2.944439,0,1,0,0,0
387,0,1,3.869116,5.8625,3,140.7,0,0.693147,2,8,0,0,0
388,1,1,2.639057,13,2,26,1,3.610918,0,1,0,0,0
389,0,1,2.166674,7.7292,3,23.1876,1,3.295837,0,1,1,0,0
390,1,1,2.564949,12,2,24,1,2.890372,0,1,0,0,0
391,1,0,4.199221,16.4086,1,65.6344,0,3.610918,2,4,0,0,0
392,1,1,2.174274,7.7958,3,23.3874,1,3.091042,0,1,0,0,0
393,0,1,2.188856,2.641667,3,23.775,0,3.367296,0,3,0,0,0
394,1,0,4.199221,32.8172,1,65.6344,0,3.178054,0,2,0,0,0
395,1,0,2.873565,5.566667,3,50.1,0,3.218876,2,3,0,0,0
396,0,1,2.174274,7.7958,3,23.3874,1,3.135494,0,1,0,0,0
397,0,1,2.180892,7.8542,3,23.5626,1,3.465736,0,1,0,0,0
398,0,1,3.295837,26,2,52,1,3.850148,0,1,0,0,0
399,0,1,2.442347,10.5,2,21,1,3.178054,0,1,0,0,0
400,1,1,2.61374,12.65,2,25.3,1,3.367296,0,1,0,0,0
401,1,1,2.188856,7.925,3,23.775,1,3.688879,0,1,0,0,0
402,0,1,2.202765,8.05,3,24.15,1,3.295837,0,1,0,0,0
403,0,1,2.381858,4.9125,3,29.475,0,3.091042,0,2,0,0,0
404,0,1,2.824351,7.925,3,47.55,0,3.367296,0,2,0,0,0
405,0,1,2.268252,8.6625,3,25.9875,1,3.044522,0,1,0,0,0
406,0,1,3.091042,10.5,2,42,0,3.555348,0,2,0,0,0
407,0,1,2.169054,7.75,3,23.25,1,3.951244,0,1,0,0,0
408,1,1,2.983153,6.25,2,37.5,0,1.386294,1,3,0,0,0
409,0,1,2.171907,7.775,3,23.325,1,3.091042,0,1,0,0,0
410,0,1,3.275887,5.09334,3,76.4001,0,2.944439,1,5,1,0,0
411,0,1,2.185579,7.8958,3,23.6874,1,3.295837,0,1,1,0,0
412,0,1,2.06157,6.8583,3,20.5749,1,3.295837,0,1,1,0,0
413,1,0,4.199221,32.8172,1,65.6344,0,3.526361,0,2,0,0,0
414,0,1,0,0,2,0,1,3.465736,0,1,1,0,0
415,1,1,2.188856,7.925,3,23.775,1,3.806662,0,1,0,0,0
416,0,1,2.202765,8.05,3,24.15,1,3.465736,0,1,1,0,0
417,1,1,3.511545,10.833333,2,65,0,3.555348,1,3,0,0,0
418,1,1,2.639057,4.333333,2,26,0,2.944439,2,3,0,0,0
419,0,1,2.639057,13,2,26,1,3.433987,0,1,0,0,0
420,0,1,3.224858,8.05,3,72.45,0,2.397895,2,3,0,0,0
421,0,1,2.185579,7.8958,3,23.6874,1,3.295837,0,1,1,0,0
422,0,1,2.167143,7.7333,3,23.1999,1,3.091042,0,1,0,0,0
423,0,1,2.183238,7.875,3,23.625,1,3.401197,0,1,0,0,0
424,0,1,2.734368,4.8,3,43.2,0,3.367296,1,3,0,0,0
425,0,1,3.054591,6.7375,3,60.6375,0,2.944439,1,3,0,0,0
426,0,1,2.110213,7.25,3,21.75,1,3.295837,0,1,1,0,0
427,1,1,3.295837,13,2,52,0,3.367296,0,2,0,0,0
428,1,1,3.295837,26,2,52,1,2.995732,0,1,0,0,0
429,0,1,2.169054,7.75,3,23.25,1,3.295837,0,1,1,0,0
430,1,0,2.202765,8.05,3,24.15,1,3.496508,0,1,0,0,0
431,1,0,3.316003,26.55,1,26.55,1,3.367296,0,1,0,0,0
432,1,1,2.839078,8.05,3,48.3,0,3.465736,0,2,1,0,0
433,1,1,3.295837,13,2,52,0,3.7612,0,2,0,0,0
434,0,1,2.094946,7.125,3,21.375,1,2.890372,0,1,0,0,0
435,0,0,4.041295,27.95,1,55.9,0,3.931826,0,2,0,0,0
436,1,0,4.199221,16.4086,1,65.6344,0,2.70805,2,4,0,0,0
437,0,1,3.566005,6.875,3,103.125,0,3.091042,2,5,0,0,0
438,1,1,2.983153,3.125,2,37.5,0,3.218876,3,6,0,0,0
439,0,0,4.199221,10.939067,1,65.6344,0,4.117003,4,6,0,0,0
440,0,1,2.442347,10.5,2,21,1,3.465736,0,1,0,0,0
441,1,1,3.305054,8.75,2,52.5,0,3.828641,1,3,0,0,0
442,0,1,2.351375,9.5,3,28.5,1,3.044522,0,1,0,0,0
443,0,1,2.171907,3.8875,3,23.325,0,3.258097,0,2,0,0,0
444,1,1,2.639057,13,2,26,1,3.367296,0,1,0,0,0
445,1,1,2.209647,8.1125,3,24.3375,1,3.295837,0,1,1,0,0
446,1,0,4.199221,21.878133,1,65.6344,0,1.609438,2,3,0,0,0
447,1,1,3.020425,9.75,2,39,0,2.639057,1,2,0,0,0
448,1,1,3.316003,26.55,1,26.55,1,3.555348,0,1,0,0,0
449,1,1,3.008565,4.814575,3,57.7749,0,1.791759,1,4,0,0,0
450,1,0,3.449988,30.5,1,30.5,1,3.970292,0,1,0,0,0
451,0,1,3.358638,6.9375,2,55.5,0,3.610918,2,4,0,0,0
452,0,1,3.042935,9.98335,3,59.9001,0,3.295837,0,2,1,0,0
453,0,0,3.358638,27.75,1,27.75,1,3.433987,0,1,0,0,0
454,1,0,4.199221,32.8172,1,65.6344,0,3.912023,0,2,0,0,0
455,0,1,2.202765,8.05,3,24.15,1,3.295837,0,1,1,0,0
456,1,1,2.185579,7.8958,3,23.6874,1,3.401197,0,1,0,0,0
457,0,0,3.316003,26.55,1,26.55,1,4.117003,0,1,0,0,0
458,1,0,3.967694,25.93125,1,51.8625,0,3.713572,0,2,1,0,0
459,1,1,2.442347,10.5,2,21,1,3.931826,0,1,0,0,0
460,0,1,2.169054,7.75,3,23.25,1,3.295837,0,1,1,0,0
461,1,0,3.316003,26.55,1,26.55,1,3.89182,0,1,0,0,0
462,0,1,2.202765,8.05,3,24.15,1,3.555348,0,1,0,0,0
463,0,0,3.676301,38.5,1,38.5,1,3.871201,0,1,0,0,0
464,0,1,2.639057,13,2,26,1,3.89182,0,1,0,0,0
465,0,1,2.202765,8.05,3,24.15,1,3.295837,0,1,1,0,0
466,0,1,2.085672,7.05,3,21.15,1,3.663562,0,1,0,0,0
467,0,1,0,0,2,0,1,3.465736,0,1,1,0,0
468,0,1,3.316003,26.55,1,26.55,1,4.043051,0,1,0,0,0
469,0,1,2.166192,7.725,3,23.175,1,3.295837,0,1,1,0,0
470,1,1,3.008565,4.814575,3,57.7749,0,0.559616,1,4,0,0,0
471,0,1,2.110213,7.25,3,21.75,1,3.295837,0,1,1,0,0
472,0,1,2.268252,8.6625,3,25.9875,1,3.663562,0,1,0,0,0
473,1,1,3.358638,6.9375,2,55.5,0,3.526361,2,4,0,0,0
474,1,0,2.694066,13.7917,2,27.5834,1,3.178054,0,1,0,0,0
475,0,1,2.383012,9.8375,3,29.5125,1,3.135494,0,1,0,0,0
476,0,0,3.970292,52,1,52,1,3.713572,0,1,1,0,0
477,0,1,3.091042,10.5,2,42,0,3.555348,0,2,0,0,0
478,0,1,2.08515,3.5229,3,21.1374,0,3.401197,0,2,0,0,0
479,0,1,2.14251,7.5208,3,22.5624,1,3.135494,0,1,0,0,0
480,1,1,2.586824,6.14375,3,36.8625,0,1.098612,1,2,0,0,0
481,0,1,3.869116,5.8625,3,140.7,0,2.302585,2,8,0,0,0
482,0,1,0,0,2,0,1,3.465736,0,1,1,0,0
483,0,1,2.202765,8.05,3,24.15,1,3.931826,0,1,0,0,0
484,1,1,2.359674,9.5875,3,28.7625,1,4.117003,0,1,0,0,0
485,1,0,4.199221,32.8172,1,65.6344,0,3.258097,0,2,0,0,0
486,0,1,3.275887,5.09334,3,76.4001,0,2.944439,1,5,1,0,0
487,1,0,4.199221,32.8172,1,65.6344,0,3.583519,0,2,0,0,0
488,0,0,3.424263,29.7,1,29.7,1,4.077537,0,1,0,0,0
489,0,1,2.202765,8.05,3,24.15,1,3.433987,0,1,0,0,0
490,1,1,2.827314,5.3,3,47.7,0,2.302585,1,3,0,0,0
491,0,1,3.042935,9.98335,3,59.9001,0,3.295837,0,2,1,0,0
492,0,1,2.110213,7.25,3,21.75,1,3.091042,0,1,0,0,0
493,0,0,3.449988,30.5,1,30.5,1,4.025352,0,1,0,0,0
494,0,1,3.922057,49.5042,1,49.5042,1,4.117003,0,1,0,0,0
495,0,1,2.202765,8.05,3,24.15,1,3.091042,0,1,0,0,0
496,0,1,2.738146,14.4583,3,43.3749,1,3.295837,0,1,1,0,0
497,1,0,4.199221,32.8172,1,65.6344,0,4.007333,0,2,0,0,0
498,0,1,2.778819,15.1,3,45.3,1,3.295837,0,1,1,0,0
499,0,0,4.199221,16.4086,1,65.6344,0,3.258097,2,4,0,0,0
500,0,1,2.174274,7.7958,3,23.3874,1,3.218876,0,1,0,0,0
501,0,1,2.268252,8.6625,3,25.9875,1,2.890372,0,1,0,0,0
502,0,1,2.169054,7.75,3,23.25,1,3.091042,0,1,0,0,0
503,0,1,2.155152,7.6292,3,22.8876,1,2.944439,0,1,1,0,0
504,0,1,2.359674,9.5875,3,28.7625,1,3.637586,0,1,0,0,0
505,1,0,4.199221,65.6344,1,65.6344,1,2.833213,0,1,0,0,0
506,0,0,4.199221,32.8172,1,65.6344,0,2.944439,0,2,0,0,0
507,1,1,3.295837,8.666667,2,52,0,3.526361,2,3,0,0,0
508,1,1,3.316003,26.55,1,26.55,1,3.713572,0,1,1,0,0
509,0,1,3.158064,22.525,3,67.575,1,3.367296,0,1,0,0,0
510,1,1,4.051712,56.4958,3,169.4874,1,3.295837,0,1,0,0,0
511,1,1,2.169054,7.75,3,23.25,1,3.401197,0,1,0,0,0
512,0,1,2.202765,8.05,3,24.15,1,3.295837,0,1,1,0,0
513,1,0,3.306429,26.2875,1,26.2875,1,3.610918,0,1,0,0,0
514,1,1,4.100989,29.7,1,59.4,0,4.007333,0,2,0,0,0
515,0,1,2.139572,7.4958,3,22.4874,1,3.218876,0,1,0,0,0
516,0,0,3.555942,34.0208,1,34.0208,1,3.871201,0,1,0,0,0
517,1,0,2.442347,10.5,2,21,1,3.555348,0,1,0,0,0
518,0,1,3.224858,24.15,3,72.45,1,3.295837,0,1,1,0,0
519,1,1,3.295837,13,2,52,0,3.610918,0,2,0,0,0
520,0,1,2.185579,7.8958,3,23.6874,1,3.496508,0,1,0,0,0
521,1,0,4.199221,65.6344,1,65.6344,1,3.433987,0,1,0,0,0
522,0,1,2.185579,7.8958,3,23.6874,1,3.135494,0,1,0,0,0
523,0,1,2.107178,7.225,3,21.675,1,3.295837,0,1,1,0,0
524,1,0,4.077185,28.9896,1,57.9792,0,3.806662,1,2,0,0,0
525,0,1,2.107689,7.2292,3,21.6876,1,3.295837,0,1,1,0,0
526,0,1,2.169054,7.75,3,23.25,1,3.725693,0,1,0,0,0
527,1,1,2.442347,10.5,2,21,1,3.931826,0,1,0,0,0
528,0,0,4.199221,65.6344,1,65.6344,1,3.713572,0,1,1,0,0
529,0,1,2.188856,7.925,3,23.775,1,3.688879,0,1,0,0,0
530,0,1,2.525729,2.875,2,23,0,3.178054,1,4,0,0,0
531,1,1,3.295837,8.666667,2,52,0,1.098612,1,3,0,0,0
532,0,1,2.107689,7.2292,3,21.6876,1,3.295837,0,1,1,0,0
533,0,1,2.107689,2.409733,3,21.6876,0,2.890372,1,3,0,0,0
534,1,1,3.150952,7.452767,3,67.0749,0,3.465736,2,3,1,0,0
535,0,1,2.268252,8.6625,3,25.9875,1,3.433987,0,1,0,0,0
536,1,1,3.305054,8.75,2,52.5,0,2.079442,2,3,0,0,0
537,0,0,3.316003,26.55,1,26.55,1,3.828641,0,1,0,0,0
538,1,1,4.199221,65.6344,1,65.6344,1,3.433987,0,1,0,0,0
539,0,1,2.74084,14.5,3,43.5,1,3.295837,0,1,1,0,0
540,1,0,3.921973,16.5,1,49.5,0,3.135494,2,3,0,0,0
541,1,0,4.199221,21.878133,1,65.6344,0,3.610918,2,3,0,0,0
542,0,1,3.474293,4.467857,3,93.825,0,2.302585,2,7,0,0,0
543,0,1,3.474293,4.467857,3,93.825,0,2.484907,2,7,0,0,0
544,1,1,3.295837,13,2,52,0,3.496508,0,2,0,0,0
545,0,0,4.199221,32.8172,1,65.6344,0,3.931826,0,2,0,0,0
546,0,1,3.295837,26,1,26,1,4.117003,0,1,0,0,0
547,1,1,3.295837,13,2,52,0,2.995732,0,2,0,0,0
548,1,1,2.698841,13.8625,2,27.725,1,3.465736,0,1,1,0,0
549,0,1,3.069215,6.841667,3,61.575,0,3.526361,1,3,0,0,0
550,1,1,3.630985,12.25,2,73.5,0,2.197225,1,3,0,0,0
551,1,0,4.199221,21.878133,1,65.6344,0,2.890372,2,3,0,0,0
552,0,1,3.295837,26,2,52,1,3.332205,0,1,0,0,0
553,0,1,2.178064,7.8292,3,23.4876,1,3.295837,0,1,1,0,0
554,1,1,2.107178,7.225,3,21.675,1,3.135494,0,1,0,0,0
555,1,1,2.171907,7.775,3,23.325,1,3.135494,0,1,0,0,0
556,0,1,3.316003,26.55,1,26.55,1,4.117003,0,1,0,0,0
557,1,0,3.703768,19.8,1,39.6,0,3.89182,0,2,0,0,0
558,0,1,4.199221,65.6344,1,65.6344,1,3.713572,0,1,1,0,0
559,1,0,4.199221,21.878133,1,65.6344,0,3.688879,1,3,0,0,0
560,1,1,2.912351,8.7,3,52.2,0,3.610918,0,2,0,0,0
561,0,1,2.169054,7.75,3,23.25,1,3.295837,0,1,1,0,0
562,0,1,2.185579,7.8958,3,23.6874,1,3.713572,0,1,0,0,0
563,0,1,2.674149,13.5,2,27,1,3.367296,0,1,0,0,0
564,0,1,2.202765,8.05,3,24.15,1,3.295837,0,1,1,0,0
565,0,1,2.202765,8.05,3,24.15,1,2.944439,0,1,1,0,0
566,0,1,3.224858,8.05,3,72.45,0,3.218876,0,3,0,0,0
567,0,1,2.185579,7.8958,3,23.6874,1,2.995732,0,1,0,0,0
568,0,1,3.094446,4.215,3,63.225,0,3.401197,4,5,0,0,0
569,0,1,2.107689,7.2292,3,21.6876,1,3.295837,0,1,1,0,0
570,1,1,2.180892,7.8542,3,23.5626,1,3.496508,0,1,0,0,0
571,1,1,2.442347,10.5,2,21,1,4.117003,0,1,0,0,0
572,1,0,3.960417,17.159733,1,51.4792,0,3.988984,0,3,0,0,0
573,1,0,3.310087,26.3875,1,26.3875,1,3.610918,0,1,0,0,0
574,1,1,2.169054,7.75,3,23.25,1,2.944439,0,1,1,0,0
575,0,1,2.202765,8.05,3,24.15,1,2.833213,0,1,0,0,0
576,0,1,2.74084,14.5,3,43.5,1,2.995732,0,1,0,0,0
577,1,1,2.639057,13,2,26,1,3.555348,0,1,0,0,0
578,1,0,4.041295,27.95,1,55.9,0,3.688879,0,2,0,0,0
579,0,1,2.738146,7.22915,3,43.3749,0,3.465736,0,2,1,0,0
580,1,1,2.188856,7.925,3,23.775,1,3.496508,0,1,0,0,0
581,1,1,3.433987,10,2,60,0,3.258097,1,3,0,0,0
582,1,0,4.199221,21.878133,1,65.6344,0,3.688879,1,3,0,0,0
583,0,1,3.295837,26,2,52,1,4.007333,0,1,0,0,0
584,0,0,3.716616,40.125,1,40.125,1,3.610918,0,1,0,0,0
585,0,1,2.273414,8.7125,3,26.1375,1,3.295837,0,1,1,0,0
586,1,0,4.199221,21.878133,1,65.6344,0,2.944439,2,3,0,0,0
587,0,1,2.772589,15,2,30,1,3.871201,0,1,0,0,0
588,1,0,4.199221,21.878133,1,65.6344,0,4.110874,1,3,0,0,0
589,0,1,2.202765,8.05,3,24.15,1,3.135494,0,1,0,0,0
590,0,1,2.202765,8.05,3,24.15,1,3.295837,0,1,1,0,0
591,0,1,2.094946,7.125,3,21.375,1,3.583519,0,1,0,0,0
592,1,0,4.199221,32.8172,1,65.6344,0,3.970292,0,2,0,0,0
593,0,1,2.110213,7.25,3,21.75,1,3.871201,0,1,0,0,0
594,0,1,2.169054,2.583333,3,23.25,0,2.944439,2,3,1,0,0
595,0,1,3.295837,13,2,52,0,3.637586,0,2,0,0,0
596,0,1,3.224858,8.05,3,72.45,0,3.610918,1,3,0,0,0
597,1,1,3.526361,33,2,66,1,3.218876,0,1,1,0,0
598,0,1,0,0,3,0,1,3.912023,0,1,0,0,0
599,0,1,2.107178,7.225,3,21.675,1,3.295837,0,1,1,0,0
600,1,0,4.059222,28.4646,1,56.9292,0,3.912023,0,2,0,0,0
601,1,1,3.332205,6.75,2,54,0,3.218876,1,4,0,0,0
602,0,1,2.185579,7.8958,3,23.6874,1,3.295837,0,1,1,0,0
603,0,1,3.770459,42.4,1,42.4,1,3.713572,0,1,1,0,0
604,0,1,2.202765,8.05,3,24.15,1,3.806662,0,1,0,0,0
605,1,1,3.316003,26.55,1,26.55,1,3.583519,0,1,0,0,0
606,0,1,2.806386,7.775,3,46.65,0,3.610918,0,2,0,0,0
607,0,1,2.185579,7.8958,3,23.6874,1,3.433987,0,1,0,0,0
608,1,1,3.449988,30.5,1,30.5,1,3.332205,0,1,0,0,0
609,1,1,3.751366,10.3948,2,83.1584,0,3.135494,2,4,0,0,0
610,1,0,4.199221,65.6344,1,65.6344,1,3.713572,0,1,0,0,0
611,0,1,3.474293,4.467857,3,93.825,0,3.688879,5,7,0,0,0
612,0,1,2.085672,7.05,3,21.15,1,3.295837,0,1,1,0,0
613,1,1,2.80336,7.75,3,46.5,0,2.944439,0,2,1,0,0
614,0,1,2.169054,7.75,3,23.25,1,3.295837,0,1,1,0,0
615,0,1,2.202765,8.05,3,24.15,1,3.583519,0,1,0,0,0
616,1,1,4.189655,16.25,2,130,0,3.218876,2,4,0,0,0
617,0,1,2.734368,4.8,3,43.2,0,3.555348,1,3,0,0,0
618,0,1,2.839078,8.05,3,48.3,0,3.295837,0,2,0,0,0
619,1,0,3.688879,9.75,2,78,0,1.609438,1,4,0,0,0
620,0,1,2.442347,10.5,2,21,1,3.295837,0,1,0,0,0
621,0,1,2.737881,7.2271,3,43.3626,0,3.332205,0,2,0,0,0
622,1,0,3.980694,26.2771,1,52.5542,0,3.7612,0,2,0,0,0
623,1,1,2.817903,5.247233,3,47.2251,0,3.044522,1,3,0,0,0
624,0,1,2.180892,7.8542,3,23.5626,1,3.091042,0,1,0,0,0
625,0,1,2.839078,16.1,3,48.3,1,3.091042,0,1,0,0,0
626,0,0,3.506182,32.3208,1,32.3208,1,4.117003,0,1,0,0,0
627,0,1,2.591516,12.35,2,24.7,1,4.060443,0,1,0,0,0
628,1,0,4.199221,65.6344,1,65.6344,1,3.091042,0,1,0,0,0
629,0,1,2.185579,7.8958,3,23.6874,1,3.295837,0,1,0,0,0
630,0,1,2.167143,7.7333,3,23.1999,1,3.295837,0,1,1,0,0
631,1,0,3.433987,30,1,30,1,4.117003,0,1,0,0,0
632,0,1,2.086194,7.0542,3,21.1626,1,3.951244,0,1,0,0,0
633,1,0,3.449988,30.5,1,30.5,1,3.496508,0,1,0,0,0
634,0,1,0,0,1,0,1,3.713572,0,1,1,0,0
635,0,1,3.363842,4.65,3,83.7,0,2.302585,2,6,0,0,0
636,1,1,2.639057,13,2,26,1,3.367296,0,1,0,0,0
637,0,1,2.188856,7.925,3,23.775,1,3.496508,0,1,0,0,0
638,0,1,3.305054,8.75,2,52.5,0,3.465736,1,3,0,0,0
639,0,1,3.705921,6.614583,3,119.0625,0,3.73767,5,6,0,0,0
640,0,1,2.839078,8.05,3,48.3,0,3.295837,0,2,1,0,0
641,0,1,2.180892,7.8542,3,23.5626,1,3.044522,0,1,0,0,0
642,1,0,4.199221,65.6344,1,65.6344,1,3.218876,0,1,0,0,0
643,0,1,3.363842,4.65,3,83.7,0,1.098612,2,6,0,0,0
644,1,1,4.051712,56.4958,3,169.4874,1,3.295837,0,1,1,0,0
645,1,1,3.008565,4.814575,3,57.7749,0,0.559616,1,4,0,0,0
646,1,0,4.199221,32.8172,1,65.6344,0,3.89182,0,2,0,0,0
647,0,1,2.185579,7.8958,3,23.6874,1,2.995732,0,1,0,0,0
648,1,0,3.597312,35.5,1,35.5,1,4.043051,0,1,0,0,0
649,0,1,2.145931,7.55,3,22.65,1,3.295837,0,1,1,0,0
650,1,1,2.145931,7.55,3,22.65,1,3.178054,0,1,0,0,0
651,0,1,2.185579,7.8958,3,23.6874,1,3.295837,0,1,1,0,0
652,1,1,3.178054,11.5,2,46,0,2.944439,1,2,0,0,0
653,0,1,2.244246,8.4333,3,25.2999,1,3.091042,0,1,0,0,0
654,1,1,2.178064,7.8292,3,23.4876,1,2.944439,0,1,1,0,0
655,0,1,2.047693,6.75,3,20.25,1,2.944439,0,1,0,0,0
656,0,1,4.199221,21.878133,2,131.2688,0,3.218876,0,3,0,0,0
657,0,1,2.185579,7.8958,3,23.6874,1,3.295837,0,1,1,0,0
658,0,1,2.80336,5.166667,3,46.5,0,3.496508,1,3,0,0,0
659,0,1,2.639057,13,2,26,1,3.178054,0,1,0,0,0
660,0,0,4.199221,21.878133,1,65.6344,0,4.077537,2,3,0,0,0
661,1,1,4.199221,21.878133,1,65.6344,0,3.931826,0,3,0,0,0
662,0,1,2.107178,7.225,3,21.675,1,3.713572,0,1,0,0,0
663,0,0,3.280441,25.5875,1,25.5875,1,3.871201,0,1,0,0,0
664,0,1,2.139572,7.4958,3,22.4874,1,3.610918,0,1,0,0,0
665,1,1,2.188856,3.9625,3,23.775,0,3.044522,0,2,0,0,0
666,0,1,4.199221,21.878133,2,131.2688,0,3.496508,0,3,0,0,0
667,0,1,2.639057,13,2,26,1,3.258097,0,1,0,0,0
668,0,1,2.171907,7.775,3,23.325,1,3.295837,0,1,1,0,0
669,0,1,2.202765,8.05,3,24.15,1,3.78419,0,1,0,0,0
670,1,0,3.970292,26,1,52,0,3.713572,0,2,1,0,0
671,1,1,3.688879,13,2,78,0,3.713572,1,3,0,0,0
672,0,0,3.970292,26,1,52,0,3.465736,0,2,0,0,0
673,0,1,2.442347,10.5,2,21,1,4.117003,0,1,0,0,0
674,1,1,2.639057,13,2,26,1,3.465736,0,1,0,0,0
675,0,1,0,0,2,0,1,3.465736,0,1,1,0,0
676,0,1,2.171907,7.775,3,23.325,1,2.944439,0,1,0,0,0
677,0,1,2.202765,8.05,3,24.15,1,3.238678,0,1,0,0,0
678,1,1,2.3834,9.8417,3,29.5251,1,2.944439,0,1,0,0,0
679,0,1,3.869116,5.8625,3,140.7,0,3.78419,6,8,0,0,0
680,1,0,4.199221,32.8172,1,65.6344,0,3.610918,1,2,0,0,0
681,0,1,2.212387,8.1375,3,24.4125,1,2.944439,0,1,1,0,0
682,1,0,4.199221,65.6344,1,65.6344,1,3.332205,0,1,0,0,0
683,0,1,2.324836,9.225,3,27.675,1,3.044522,0,1,0,0,0
684,0,1,3.869116,5.8625,3,140.7,0,2.70805,2,8,0,0,0
685,0,1,3.688879,13,2,78,0,4.110874,1,3,0,0,0
686,0,1,3.751366,10.3948,2,83.1584,0,3.258097,2,4,0,0,0
687,0,1,3.705921,6.614583,3,119.0625,0,2.70805,1,6,0,0,0
688,0,1,2.413303,10.1708,3,30.5124,1,2.995732,0,1,0,0,0
689,0,1,2.174274,7.7958,3,23.3874,1,2.944439,0,1,0,0,0
690,1,0,4.199221,32.8172,1,65.6344,0,2.772589,1,2,0,0,0
691,1,0,4.060443,28.5,1,57,0,3.465736,0,2,0,0,0
692,1,1,2.668387,6.70835,3,40.2501,0,1.609438,1,2,0,0,0
693,1,1,4.051712,56.4958,3,169.4874,1,3.295837,0,1,1,0,0
694,0,1,2.107178,7.225,3,21.675,1,3.258097,0,1,0,0,0
695,0,1,3.316003,26.55,1,26.55,1,4.110874,0,1,0,0,0
696,0,1,2.674149,13.5,2,27,1,3.970292,0,1,0,0,0
697,0,1,2.202765,8.05,3,24.15,1,3.806662,0,1,0,0,0
698,1,1,2.167143,7.7333,3,23.1999,1,2.944439,0,1,1,0,0
699,0,0,4.199221,21.878133,1,65.6344,0,3.912023,1,3,0,0,0
700,0,0,2.157559,7.65,3,22.95,1,3.7612,0,1,0,0,0
701,1,0,4.199221,32.8172,1,65.6344,0,2.944439,0,2,0,0,0
702,1,0,3.306429,26.2875,1,26.2875,1,3.583519,0,1,0,0,0
703,0,1,2.737881,7.2271,3,43.3626,0,2.944439,1,2,0,0,0
704,0,1,2.168105,7.7417,3,23.2251,1,3.258097,0,1,0,0,0
705,0,1,2.180892,3.9271,3,23.5626,0,3.295837,0,2,0,0,0
706,0,1,3.295837,26,2,52,1,3.688879,0,1,0,0,0
707,1,1,2.674149,13.5,2,27,1,3.828641,0,1,0,0,0
708,1,0,3.306429,26.2875,1,26.2875,1,3.7612,0,1,0,0,0
709,1,1,4.199221,65.6344,1,65.6344,1,3.135494,0,1,0,0,0
710,1,1,2.787834,5.081933,3,45.7374,0,1.609438,1,3,1,0,0
711,1,0,3.922057,49.5042,1,49.5042,1,3.218876,0,1,0,0,0
712,0,0,3.316003,26.55,1,26.55,1,3.713572,0,1,1,0,0
713,1,0,3.970292,26,1,52,0,3.89182,0,2,0,0,0
714,0,1,2.349784,9.4833,3,28.4499,1,3.401197,0,1,0,0,0
715,0,1,2.639057,13,2,26,1,3.970292,0,1,0,0,0
716,0,0,2.157559,7.65,3,22.95,1,2.995732,0,1,0,0,0
717,1,0,4.199221,65.6344,1,65.6344,1,3.663562,0,1,0,0,0
718,1,0,2.442347,10.5,2,21,1,3.332205,0,1,0,0,0
719,0,1,2.80336,15.5,3,46.5,1,3.295837,0,1,1,0,0
720,0,1,2.171907,7.775,3,23.325,1,3.526361,0,1,0,0,0
721,1,1,3.526361,16.5,2,66,0,1.94591,1,2,0,0,0
722,0,1,2.086194,3.5271,3,21.1626,0,2.890372,0,2,0,0,0
723,0,1,2.639057,13,2,26,1,3.555348,0,1,0,0,0
724,0,1,2.639057,13,2,26,1,3.931826,0,1,0,0,0
725,1,0,3.990834,26.55,1,53.1,0,3.332205,0,2,0,0,0
726,0,1,2.268252,8.6625,3,25.9875,1,3.044522,0,1,0,0,0
727,1,1,3.091042,5.25,2,42,0,3.433987,0,4,0,0,0
728,1,1,2.167624,7.7375,3,23.2125,1,2.944439,0,1,1,0,0
729,0,1,3.295837,13,2,52,0,3.258097,0,2,0,0,0
730,0,1,2.188856,3.9625,3,23.775,0,3.258097,0,2,0,0,0
731,1,0,4.199221,65.6344,1,65.6344,1,3.401197,0,1,0,0,0
732,0,1,2.98505,18.7875,3,56.3625,1,2.484907,0,1,0,0,0
733,0,1,0,0,2,0,1,3.465736,0,1,1,0,0
734,0,1,2.639057,13,2,26,1,3.178054,0,1,0,0,0
735,0,1,2.639057,13,2,26,1,3.178054,0,1,0,0,0
736,0,1,2.839078,16.1,3,48.3,1,3.38439,0,1,0,0,0
737,0,1,3.566005,6.875,3,103.125,0,3.89182,3,5,0,0,0
738,1,0,4.199221,65.6344,1,65.6344,1,3.583519,0,1,0,0,0
739,0,1,2.185579,7.8958,3,23.6874,1,3.295837,0,1,1,0,0
740,0,1,2.185579,7.8958,3,23.6874,1,3.295837,0,1,1,0,0
741,1,0,3.433987,30,1,30,1,3.713572,0,1,1,0,0
742,0,0,4.199221,32.8172,1,65.6344,0,3.610918,0,2,0,0,0
743,1,0,4.199221,13.12688,1,65.6344,0,3.091042,2,5,0,0,0
744,0,1,2.839078,8.05,3,48.3,0,3.218876,0,2,0,0,0
745,1,1,2.188856,7.925,3,23.775,1,3.465736,0,1,0,0,0
746,0,0,4.199221,21.878133,1,65.6344,0,4.117003,1,3,0,0,0
747,0,1,3.056357,6.75,3,60.75,0,2.833213,1,3,0,0,0
748,1,1,2.639057,13,2,26,1,3.433987,0,1,0,0,0
749,0,0,3.990834,26.55,1,53.1,0,2.995732,0,2,0,0,0
750,0,1,2.169054,7.75,3,23.25,1,3.465736,0,1,0,0,0
751,1,1,3.178054,7.666667,2,46,0,1.609438,1,3,0,0,0
752,1,0,2.600836,6.2375,3,37.425,0,1.94591,1,2,0,0,0
753,0,1,2.351375,9.5,3,28.5,1,3.526361,0,1,0,0,0
754,0,1,2.185579,7.8958,3,23.6874,1,3.178054,0,1,0,0,0
755,1,1,4.189655,16.25,2,130,0,3.89182,2,4,0,0,0
756,1,1,2.74084,4.833333,2,29,0,0.512824,1,3,0,0,0
757,0,1,2.174274,7.7958,3,23.3874,1,3.367296,0,1,0,0,0
758,0,1,2.525729,11.5,2,23,1,2.944439,0,1,0,0,0
759,0,1,2.202765,8.05,3,24.15,1,3.555348,0,1,0,0,0
760,1,0,4.199221,65.6344,1,65.6344,1,3.526361,0,1,0,0,0
761,0,1,2.74084,14.5,3,43.5,1,3.295837,0,1,1,0,0
762,0,1,2.094946,7.125,3,21.375,1,3.73767,0,1,0,0,0
763,1,1,2.107689,7.2292,3,21.6876,1,3.044522,0,1,0,0,0
764,1,0,4.199221,16.4086,1,65.6344,0,3.610918,2,4,0,0,0
765,0,1,2.171907,7.775,3,23.325,1,2.833213,0,1,0,0,0
766,1,0,4.199221,32.8172,1,65.6344,0,3.951244,0,2,0,0,0
767,0,1,3.703768,39.6,1,39.6,1,3.86073,0,1,1,0,0
768,0,1,2.169054,7.75,3,23.25,1,3.449988,0,1,0,0,0
769,0,1,3.224858,12.075,3,72.45,0,3.295837,0,2,1,0,0
770,0,1,2.236712,8.3625,3,25.0875,1,3.496508,0,1,0,0,0
771,0,1,2.351375,9.5,3,28.5,1,3.218876,0,1,0,0,0
772,0,1,2.180892,7.8542,3,23.5626,1,3.89182,0,1,0,0,0
773,0,0,2.442347,10.5,2,21,1,4.060443,0,1,0,0,0
774,0,1,2.107178,7.225,3,21.,1,3.295837,0,1,1,0,0
